Cluster,Name,vCPUs
PHX-POC313,clone-empty-2-99,1
PHX-POC313,clone-empty-1-197,1
PHX-POC313,clone-empty-3-150,1
PHX-POC313,clone-empty-2-87,1
PHX-POC313,clone-empty-1-194,1
PHX-POC313,clone-empty-3-197,1
PHX-POC313,clone-empty-1-158,1
PHX-POC313,NTNX-home-c-2,4
PHX-POC313,clone-empty-3-43,1
PHX-POC313,clone-empty-1-101,1
PHX-POC313,clone-empty-2-94,1
PHX-POC313,clone-empty-1-68,1
PHX-POC313,clone-empty-1-96,1
PHX-POC313,clone_empty-88,1
PHX-POC313,clone-empty-3-114,1
PHX-POC313,clone-empty-2-215,1
PHX-POC313,clone_empty-124,1
PHX-POC313,clone_empty-11,1
PHX-POC313,clone-empty-1-227,1
PHX-POC313,clone_empty-166,1
PHX-POC313,clone_empty-115,1
PHX-POC313,clone_empty-175,1
PHX-POC313,clone-empty-2-190,1
PHX-POC313,clone-empty-1-245,1
PHX-POC313,clone_empty-180,1
PHX-POC313,clone-empty-2-148,1
PHX-POC313,clone-empty-3-64,1
PHX-POC313,clone-empty-2-107,1
PHX-POC313,clone-empty-3-22,1
PHX-POC313,clone_empty-214,1
PHX-POC313,clone_empty-80,1
PHX-POC313,clone-empty-3-88,1
PHX-POC313,clone-empty-2-212,1
PHX-POC313,clone-empty-2-77,1
PHX-POC313,clone-empty-2-46,1
PHX-POC313,clone-empty-1-12,1
PHX-POC313,clone_empty-134,1
PHX-POC313,clone_empty-190,1
PHX-POC313,clone-empty-2-196,1
PHX-POC313,clone-empty-1-64,1
PHX-POC313,clone_empty-158,1
PHX-POC313,clone-empty-1-72,1
PHX-POC313,clone-empty-2-57,1
PHX-POC313,clone-empty-2-114,1
PHX-POC313,clone-empty-3-10,1
PHX-POC313,clone-empty-2-27,1
PHX-POC313,clone-empty-3-159,1
PHX-POC313,clone-empty-1-170,1
PHX-POC313,clone-empty-3-25,1
PHX-POC313,clone-empty-3-146,1
PHX-POC313,clone-empty-3-155,1
PHX-POC313,clone-empty-2-229,1
PHX-POC313,clone-empty-1-222,1
PHX-POC313,clone_empty-96,1
PHX-POC313,clone-empty-2-226,1
PHX-POC313,clone-empty-1-211,1
PHX-POC313,clone-empty-2-222,1
PHX-POC313,testing2,1
PHX-POC313,clone-empty-3-44,1
PHX-POC313,clone_empty-6,1
PHX-POC313,clone-empty-2-8,1
PHX-POC313,clone-empty-2-53,1
PHX-POC313,clone_empty-148,1
PHX-POC313,clone-empty-1-240,1
PHX-POC313,clone-empty-3-2,1
PHX-POC313,clone-empty-2-115,1
PHX-POC313,clone-empty-2-126,1
PHX-POC313,clone-empty-1-14,1
PHX-POC313,clone-empty-2-80,1
PHX-POC313,clone-empty-3-188,1
PHX-POC313,clone-empty-2-175,1
PHX-POC313,clone-empty-1-115,1
PHX-POC313,clone-empty-1-20,1
PHX-POC313,clone-empty-3-11,1
PHX-POC313,clone-empty-2-129,1
PHX-POC313,clone_empty-191,1
PHX-POC313,clone-empty-2-180,1
PHX-POC313,TEST_AD,4
PHX-POC313,clone-empty-1-135,1
PHX-POC313,clone-empty-1-74,1
PHX-POC313,clone-empty-1-190,1
PHX-POC313,clone-empty-3-177,1
PHX-POC313,clone-empty-3-93,1
PHX-POC313,clone-empty-3-180,1
PHX-POC313,clone-empty-3-153,1
PHX-POC313,clone-empty-3-122,1
PHX-POC313,clone-empty-2-240,1
PHX-POC313,clone-empty-2-54,1
PHX-POC313,clone_empty-236,1
PHX-POC313,clone-empty-3-58,1
PHX-POC313,NTNX-FS02-3,4
PHX-POC313,clone-empty-2-48,1
PHX-POC313,clone_empty-48,1
PHX-POC313,clone-empty-3-142,1
PHX-POC313,clone-empty-2-234,1
PHX-POC313,clone_empty-110,1
PHX-POC313,clone_empty-137,1
PHX-POC313,clone-empty-2-56,1
PHX-POC313,clone-empty-1-39,1
PHX-POC313,NTNX-PHX-POC313-4-CVM,8
PHX-POC313,clone-empty-1-206,1
PHX-POC313,clone_empty-117,1
PHX-POC313,clone-empty-1-218,1
PHX-POC313,clone-empty-3-34,1
PHX-POC313,clone_empty-130,1
PHX-POC313,clone-empty-3-133,1
PHX-POC313,clone-empty-2-51,1
PHX-POC313,clone_empty-116,1
PHX-POC313,clone_empty-61,1
PHX-POC313,clone_empty-8,1
PHX-POC313,clone_empty-72,1
PHX-POC313,clone_empty-34,1
PHX-POC313,clone_empty-74,1
PHX-POC313,clone_empty-56,1
PHX-POC313,clone-empty-2-165,1
PHX-POC313,clone-empty-1-90,1
PHX-POC313,clone-empty-1-94,1
PHX-POC313,clone-empty-1-50,1
PHX-POC313,clone-empty-3-179,1
PHX-POC313,clone-empty-1-3,1
PHX-POC313,clone-empty-3-200,1
PHX-POC313,clone-empty-2-159,1
PHX-POC313,clone-empty-1-91,1
PHX-POC313,clone-empty-3-73,1
PHX-POC313,clone-empty-1-232,1
PHX-POC313,clone_empty-215,1
PHX-POC313,clone-empty-1-171,1
PHX-POC313,clone-empty-2-76,1
PHX-POC313,clone-empty-2-170,1
PHX-POC313,clone-empty-3-32,1
PHX-POC313,clone_empty-238,1
PHX-POC313,clone-empty-2-219,1
PHX-POC313,clone_empty-60,1
PHX-POC313,clone-empty-1-85,1
PHX-POC313,clone-empty-2-151,1
PHX-POC313,clone-empty-2-138,1
PHX-POC313,clone_empty-62,1
PHX-POC313,clone-empty-3-127,1
PHX-POC313,clone_empty-165,1
PHX-POC313,clone-empty-2-246,1
PHX-POC313,clone-empty-2-74,1
PHX-POC313,clone-empty-2-35,1
PHX-POC313,clone-empty-1-17,1
PHX-POC313,clone-empty-1-165,1
PHX-POC313,clone-empty-1-13,1
PHX-POC313,clone-empty-2-50,1
PHX-POC313,clone_empty-90,1
PHX-POC313,clone-empty-1-182,1
PHX-POC313,clone-empty-1-159,1
PHX-POC313,clone-empty-1-52,1
PHX-POC313,clone-empty-1-19,1
PHX-POC313,clone-empty-2-9,1
PHX-POC313,clone-empty-2-4,1
PHX-POC313,clone-empty-1-103,1
PHX-POC313,clone-empty-1-1,1
PHX-POC313,clone_empty-162,1
PHX-POC313,clone_empty-86,1
PHX-POC313,clone_empty-71,1
PHX-POC313,clone-empty-3-192,1
PHX-POC313,clone_empty-163,1
PHX-POC313,clone-empty-2-98,1
PHX-POC313,clone_empty-172,1
PHX-POC313,clone-empty-2-59,1
PHX-POC313,clone-empty-3-50,1
PHX-POC313,clone-empty-2-95,1
PHX-POC313,clone-empty-1-152,1
PHX-POC313,clone-empty-1-23,1
PHX-POC313,NTNX-PHX-POC313-1-CVM,8
PHX-POC313,clone-empty-3-52,1
PHX-POC313,clone_empty-103,1
PHX-POC313,clone-empty-1-5,1
PHX-POC313,clone-empty-3-61,1
PHX-POC313,clone_empty-167,1
PHX-POC313,clone_empty-105,1
PHX-POC313,clone-empty-2-41,1
PHX-POC313,clone-empty-1-102,1
PHX-POC313,clone-empty-3-17,1
PHX-POC313,clone-empty-3-120,1
PHX-POC313,clone-empty-2-38,1
PHX-POC313,clone-empty-3-171,1
PHX-POC313,clone-empty-1-146,1
PHX-POC313,clone-empty-1-79,1
PHX-POC313,clone-empty-3-162,1
PHX-POC313,clone-empty-1-54,1
PHX-POC313,clone-empty-2-200,1
PHX-POC313,clone-empty-2-6,1
PHX-POC313,clone_empty-233,1
PHX-POC313,clone-empty-2-236,1
PHX-POC313,clone-empty-2-137,1
PHX-POC313,clone_empty-76,1
PHX-POC313,clone-empty-1-113,1
PHX-POC313,clone_empty-169,1
PHX-POC313,clone-empty-2-86,1
PHX-POC313,clone-empty-1-97,1
PHX-POC313,clone_empty-54,1
PHX-POC313,clone-empty-2-75,1
PHX-POC313,clone_empty-241,1
PHX-POC313,clone_empty-5,1
PHX-POC313,clone-empty-1-149,1
PHX-POC313,clone_empty-178,1
PHX-POC313,clone_empty-182,1
PHX-POC313,clone_empty-24,1
PHX-POC313,clone-empty-3-190,1
PHX-POC313,clone-empty-3-124,1
PHX-POC313,clone-empty-1-210,1
PHX-POC313,clone-empty-3-174,1
PHX-POC313,clone-empty-3-108,1
PHX-POC313,clone_empty-38,1
PHX-POC313,clone-empty-3-149,1
PHX-POC313,clone_empty-26,1
PHX-POC313,clone-empty-3-74,1
PHX-POC313,clone-empty-2-31,1
PHX-POC313,clone-empty-3-18,1
PHX-POC313,clone_empty-200,1
PHX-POC313,clone-empty-1-172,1
PHX-POC313,clone_empty-7,1
PHX-POC313,clone-empty-1-143,1
PHX-POC313,clone-empty-2-128,1
PHX-POC313,clone-empty-1-30,1
PHX-POC313,clone_empty-85,1
PHX-POC313,clone-empty-1-136,1
PHX-POC313,clone-empty-1-167,1
PHX-POC313,clone_empty-14,1
PHX-POC313,clone-empty-3-76,1
PHX-POC313,clone-empty-1-8,1
PHX-POC313,clone-empty-3-193,1
PHX-POC313,CentOS VM2,4
PHX-POC313,clone_empty-128,1
PHX-POC313,clone-empty-2-187,1
PHX-POC313,clone_empty-198,1
PHX-POC313,clone-empty-1-67,1
PHX-POC313,clone-empty-3-68,1
PHX-POC313,clone-empty-1-124,1
PHX-POC313,clone_empty-184,1
PHX-POC313,clone-empty-1-38,1
PHX-POC313,clone-empty-3-103,1
PHX-POC313,clone-empty-3-121,1
PHX-POC313,clone_empty-147,1
PHX-POC313,clone_empty-218,1
PHX-POC313,clone-empty-1-198,1
PHX-POC313,clone-empty-2-15,1
PHX-POC313,clone-empty-3-141,1
PHX-POC313,clone_empty-140,1
PHX-POC313,clone-empty-1-219,1
PHX-POC313,NTNX-PHX-POC313-3-CVM,8
PHX-POC313,clone_empty-146,1
PHX-POC313,clone_empty-213,1
PHX-POC313,clone-empty-3-14,1
PHX-POC313,clone-empty-2-241,1
PHX-POC313,clone-empty-1-11,1
PHX-POC313,clone_empty-92,1
PHX-POC313,clone-empty-3-47,1
PHX-POC313,clone-empty-1-55,1
PHX-POC313,clone_empty-248,1
PHX-POC313,clone-empty-2-62,1
PHX-POC313,clone-empty-2-39,1
PHX-POC313,clone_empty-197,1
PHX-POC313,clone-empty-2-122,1
PHX-POC313,clone-empty-1-213,1
PHX-POC313,clone_empty-239,1
PHX-POC313,clone-empty-2-174,1
PHX-POC313,clone-empty-2-194,1
PHX-POC313,clone-empty-3-4,1
PHX-POC313,clone-empty-2-96,1
PHX-POC313,clone-empty-3-5,1
PHX-POC313,clone-empty-2-248,1
PHX-POC313,clone_empty-33,1
PHX-POC313,clone-empty-1-225,1
PHX-POC313,clone_empty-222,1
PHX-POC313,clone-empty-3-165,1
PHX-POC313,clone_empty-183,1
PHX-POC313,clone-empty-3-95,1
PHX-POC313,clone_empty-78,1
PHX-POC313,clone-empty-2-238,1
PHX-POC313,clone_empty-111,1
PHX-POC313,clone-empty-2-133,1
PHX-POC313,clone-empty-2-140,1
PHX-POC313,clone-empty-1-164,1
PHX-POC313,clone_empty-231,1
PHX-POC313,clone-empty-2-130,1
PHX-POC313,clone-empty-1-82,1
PHX-POC313,clone-empty-2-118,1
PHX-POC313,clone-empty-2-84,1
PHX-POC313,clone-empty-2-43,1
PHX-POC313,clone-empty-2-36,1
PHX-POC313,clone_empty-235,1
PHX-POC313,clone-empty-2-169,1
PHX-POC313,clone_empty-129,1
PHX-POC313,clone_empty-145,1
PHX-POC313,NTNX-FS01-2,4
PHX-POC313,clone_empty-136,1
PHX-POC313,clone-empty-2-225,1
PHX-POC313,clone-empty-1-203,1
PHX-POC313,Windows 10 VM,4
PHX-POC313,clone-empty-2-178,1
PHX-POC313,clone-empty-2-181,1
PHX-POC313,clone-empty-2-93,1
PHX-POC313,clone-empty-2-7,1
PHX-POC313,clone-empty-3-169,1
PHX-POC313,clone-empty-1-83,1
PHX-POC313,clone-empty-1-31,1
PHX-POC313,clone-empty-3-118,1
PHX-POC313,clone-empty-3-187,1
PHX-POC313,clone-empty-2-88,1
PHX-POC313,clone-empty-2-230,1
PHX-POC313,clone-empty-1-126,1
PHX-POC313,clone_empty-226,1
PHX-POC313,clone-empty-3-139,1
PHX-POC313,clone-empty-1-207,1
PHX-POC313,clone_empty-127,1
PHX-POC313,clone-empty-3-116,1
PHX-POC313,clone-empty-1-185,1
PHX-POC313,clone-empty-2-134,1
PHX-POC313,clone-empty-1-181,1
PHX-POC313,NTNX-FS02-1,4
PHX-POC313,clone-empty-1-10,1
PHX-POC313,clone_empty-104,1
PHX-POC313,clone-empty-1-168,1
PHX-POC313,clone-empty-3-89,1
PHX-POC313,clone-empty-2-186,1
PHX-POC313,clone-empty-2-135,1
PHX-POC313,clone-empty-1-132,1
PHX-POC313,clone-empty-1-151,1
PHX-POC313,clone-empty-2-227,1
PHX-POC313,clone-empty-1-58,1
PHX-POC313,clone-empty-2-25,1
PHX-POC313,clone-empty-1-4,1
PHX-POC313,clone_empty-125,1
PHX-POC313,clone-empty-1-234,1
PHX-POC313,clone-empty-1-220,1
PHX-POC313,clone-empty-1-250,1
PHX-POC313,clone_empty-227,1
PHX-POC313,clone-empty-1-224,1
PHX-POC313,clone_empty-118,1
PHX-POC313,clone-empty-2-188,1
PHX-POC313,clone_empty-204,1
PHX-POC313,clone_empty-224,1
PHX-POC313,clone-empty-2-156,1
PHX-POC313,clone-empty-2-29,1
PHX-POC313,clone-empty-1-29,1
PHX-POC313,clone-empty-2-72,1
PHX-POC313,clone-empty-2-164,1
PHX-POC313,clone-empty-3-82,1
PHX-POC313,clone-empty-2-132,1
PHX-POC313,clone_empty-77,1
PHX-POC313,clone-empty-3-72,1
PHX-POC313,clone-empty-3-38,1
PHX-POC313,clone-empty-2-20,1
PHX-POC313,clone-empty-1-191,1
PHX-POC313,clone_empty-51,1
PHX-POC313,clone-empty-3-105,1
PHX-POC313,clone_empty-109,1
PHX-POC313,clone-empty-1-195,1
PHX-POC313,clone-empty-1-192,1
PHX-POC313,clone-empty-2-110,1
PHX-POC313,clone-empty-3-24,1
PHX-POC313,clone-empty-2-198,1
PHX-POC313,clone-empty-3-194,1
PHX-POC313,clone_empty-177,1
PHX-POC313,clone-empty-1-123,1
PHX-POC313,clone_empty-138,1
PHX-POC313,clone-empty-1-138,1
PHX-POC313,clone-empty-2-33,1
PHX-POC313,clone-empty-2-149,1
PHX-POC313,clone-empty-1-15,1
PHX-POC313,clone_empty-228,1
PHX-POC313,clone_empty-143,1
PHX-POC313,clone_empty-229,1
PHX-POC313,clone-empty-3-166,1
PHX-POC313,clone-empty-3-57,1
PHX-POC313,clone-empty-1-179,1
PHX-POC313,ADtest2,2
PHX-POC313,clone-empty-3-55,1
PHX-POC313,clone-empty-3-195,1
PHX-POC313,clone-empty-1-163,1
PHX-POC313,clone_empty-210,1
PHX-POC313,clone-empty-2-89,1
PHX-POC313,clone-empty-2-203,1
PHX-POC313,clone-empty-1-112,1
PHX-POC313,clone-empty-1-129,1
PHX-POC313,clone-empty-2-237,1
PHX-POC313,clone-empty-1-28,1
PHX-POC313,clone-empty-3-70,1
PHX-POC313,clone-empty-3-54,1
PHX-POC313,clone_empty-49,1
PHX-POC313,clone-empty-1-231,1
PHX-POC313,clone_empty-246,1
PHX-POC313,clone-empty-2-173,1
PHX-POC313,clone-empty-2-192,1
PHX-POC313,clone-empty-2-210,1
PHX-POC313,clone-empty-2-85,1
PHX-POC313,clone-empty-3-138,1
PHX-POC313,clone_empty-25,1
PHX-POC313,clone-empty-2-162,1
PHX-POC313,clone-empty-1-73,1
PHX-POC313,clone-empty-1-187,1
PHX-POC313,clone-empty-3-175,1
PHX-POC313,clone_empty-174,1
PHX-POC313,clone_empty-205,1
PHX-POC313,clone-empty-3-189,1
PHX-POC313,clone-empty-1-125,1
PHX-POC313,clone-empty-1-42,1
PHX-POC313,clone-empty-3-160,1
PHX-POC313,clone-empty-3-101,1
PHX-POC313,clone-empty-3-71,1
PHX-POC313,clone_empty-106,1
PHX-POC313,clone-empty-1-92,1
PHX-POC313,clone_empty-207,1
PHX-POC313,clone-empty-2-249,1
PHX-POC313,clone-empty-1-104,1
PHX-POC313,clone-empty-1-60,1
PHX-POC313,clone-empty-1-46,1
PHX-POC313,clone_empty-87,1
PHX-POC313,NTNX-FS02-2,4
PHX-POC313,clone-empty-2-195,1
PHX-POC313,clone-empty-3-60,1
PHX-POC313,clone-empty-2-232,1
PHX-POC313,clone_empty-199,1
PHX-POC313,clone-empty-1-27,1
PHX-POC313,clone-empty-2-136,1
PHX-POC313,clone-empty-1-243,1
PHX-POC313,clone-empty-3-117,1
PHX-POC313,clone-empty-3-100,1
PHX-POC313,clone-empty-3-9,1
PHX-POC313,clone_empty-217,1
PHX-POC313,clone-empty-3-191,1
PHX-POC313,clone_empty-37,1
PHX-POC313,clone_empty-114,1
PHX-POC313,clone-empty-1-66,1
PHX-POC313,clone-empty-1-69,1
PHX-POC313,clone-empty-2-183,1
PHX-POC313,clone-empty-2-176,1
PHX-POC313,clone-empty-3-12,1
PHX-POC313,clone-empty-2-117,1
PHX-POC313,clone-empty-2-61,1
PHX-POC313,clone_empty-53,1
PHX-POC313,clone_empty-65,1
PHX-POC313,clone-empty-3-16,1
PHX-POC313,clone_empty-108,1
PHX-POC313,clone-empty-2-123,1
PHX-POC313,clone_empty-27,1
PHX-POC313,clone-empty-3-184,1
PHX-POC313,clone-empty-2-79,1
PHX-POC313,clone_empty-43,1
PHX-POC313,clone_empty-94,1
PHX-POC313,clone-empty-3-67,1
PHX-POC313,clone-empty-1-120,1
PHX-POC313,clone-empty-2-106,1
PHX-POC313,clone-empty-3-46,1
PHX-POC313,clone-empty-2-44,1
PHX-POC313,clone-empty-2-202,1
PHX-POC313,clone-empty-2-55,1
PHX-POC313,clone-empty-3-87,1
PHX-POC313,clone_empty-100,1
PHX-POC313,clone-empty-1-140,1
PHX-POC313,clone-empty-3-178,1
PHX-POC313,clone-empty-2-109,1
PHX-POC313,clone-empty-2-18,1
PHX-POC313,clone-empty-1-154,1
PHX-POC313,clone_empty-64,1
PHX-POC313,clone_empty-68,1
PHX-POC313,ADtest,2
PHX-POC313,clone_empty-120,1
PHX-POC313,clone_empty-201,1
PHX-POC313,clone-empty-1-202,1
PHX-POC313,clone-empty-2-37,1
PHX-POC313,clone-empty-2-40,1
PHX-POC313,clone_empty-16,1
PHX-POC313,clone_empty-82,1
PHX-POC313,clone-empty-2-30,1
PHX-POC313,clone-empty-2-119,1
PHX-POC313,clone-empty-1-87,1
PHX-POC313,clone-empty-3-51,1
PHX-POC313,clone-empty-3-119,1
PHX-POC313,clone-empty-1-65,1
PHX-POC313,clone-empty-2-185,1
PHX-POC313,clone-empty-1-241,1
PHX-POC313,clone-empty-3-42,1
PHX-POC313,clone_empty-179,1
PHX-POC313,clone_empty-212,1
PHX-POC313,clone-empty-2-179,1
PHX-POC313,clone-empty-2-216,1
PHX-POC313,clone-empty-1-77,1
PHX-POC313,clone-empty-2-105,1
PHX-POC313,clone-empty-1-51,1
PHX-POC313,clone-empty-2-3,1
PHX-POC313,clone_empty-9,1
PHX-POC313,clone-empty-2-69,1
PHX-POC313,clone_empty-113,1
PHX-POC313,clone-empty-2-242,1
PHX-POC313,NTNX-home-c-3,4
PHX-POC313,clone-empty-1-37,1
PHX-POC313,clone-empty-2-191,1
PHX-POC313,clone-empty-3-96,1
PHX-POC313,clone-empty-3-75,1
PHX-POC313,clone_empty-55,1
PHX-POC313,clone_empty-202,1
PHX-POC313,clone_empty-58,1
PHX-POC313,clone-empty-3-156,1
PHX-POC313,clone-empty-3-158,1
PHX-POC313,clone_empty-185,1
PHX-POC313,clone_empty-209,1
PHX-POC313,clone_empty-99,1
PHX-POC313,clone-empty-1-196,1
PHX-POC313,clone_empty-150,1
PHX-POC313,clone_empty-219,1
PHX-POC313,clone-empty-1-48,1
PHX-POC313,clone-empty-2-152,1
PHX-POC313,clone_empty-1,1
PHX-POC313,clone-empty-1-114,1
PHX-POC313,clone-empty-3-77,1
PHX-POC313,clone-empty-1-100,1
PHX-POC313,clone-empty-2-141,1
PHX-POC313,clone-empty-1-36,1
PHX-POC313,clone-empty-1-177,1
PHX-POC313,clone-empty-2-49,1
PHX-POC313,clone_empty-211,1
PHX-POC313,clone_empty-21,1
PHX-POC313,clone-empty-1-18,1
PHX-POC313,clone-empty-1-44,1
PHX-POC313,clone-empty-3-6,1
PHX-POC313,clone_empty-155,1
PHX-POC313,clone-empty-3-63,1
PHX-POC313,clone-empty-3-115,1
PHX-POC313,clone-empty-3-163,1
PHX-POC313,clone-empty-1-33,1
PHX-POC313,clone-empty-1-180,1
PHX-POC313,clone-empty-1-53,1
PHX-POC313,clone-empty-1-161,1
PHX-POC313,clone-empty-3-27,1
PHX-POC313,clone-empty-1-110,1
PHX-POC313,clone-empty-2-91,1
PHX-POC313,clone_empty-84,1
PHX-POC313,clone_empty-32,1
PHX-POC313,clone-empty-1-56,1
PHX-POC313,clone_empty-59,1
PHX-POC313,clone-empty-1-217,1
PHX-POC313,clone-empty-2-97,1
PHX-POC313,clone_empty-42,1
PHX-POC313,clone-empty-2-208,1
PHX-POC313,clone-empty-2-220,1
PHX-POC313,clone-empty-2-244,1
PHX-POC313,clone_empty-28,1
PHX-POC313,clone-empty-2-83,1
PHX-POC313,clone_empty-47,1
PHX-POC313,clone-empty-1-184,1
PHX-POC313,clone-empty-1-236,1
PHX-POC313,clone_empty-70,1
PHX-POC313,clone-empty-1-221,1
PHX-POC313,clone-empty-2-5,1
PHX-POC313,clone-empty-3-157,1
PHX-POC313,clone_empty-81,1
PHX-POC313,clone-empty-1-9,1
PHX-POC313,clone-empty-2-224,1
PHX-POC313,clone-empty-3-164,1
PHX-POC313,clone-empty-1-89,1
PHX-POC313,clone-empty-1-84,1
PHX-POC313,clone-empty-2-209,1
PHX-POC313,clone-empty-2-172,1
PHX-POC313,clone-empty-1-134,1
PHX-POC313,clone-empty-2-73,1
PHX-POC313,clone-empty-1-43,1
PHX-POC313,clone_empty-156,1
PHX-POC313,clone-empty-3-198,1
PHX-POC313,clone-empty-1-32,1
PHX-POC313,clone-empty-2-67,1
PHX-POC313,clone-empty-2-154,1
PHX-POC313,NTNX-FS01-3,4
PHX-POC313,clone_empty-2,1
PHX-POC313,clone-empty-2-206,1
PHX-POC313,clone-empty-2-60,1
PHX-POC313,clone-empty-3-140,1
PHX-POC313,clone-empty-2-147,1
PHX-POC313,clone-empty-1-95,1
PHX-POC313,clone-empty-3-41,1
PHX-POC313,clone-empty-3-83,1
PHX-POC313,clone-empty-1-98,1
PHX-POC313,clone_empty-159,1
PHX-POC313,clone-empty-3-137,1
PHX-POC313,clone_empty-93,1
PHX-POC313,CentOS VM3,4
PHX-POC313,clone-empty-2-144,1
PHX-POC313,clone-empty-1-145,1
PHX-POC313,clone-empty-2-228,1
PHX-POC313,NTNX-home-c-1,4
PHX-POC313,clone-empty-1-223,1
PHX-POC313,clone-empty-2-233,1
PHX-POC313,clone_empty-83,1
PHX-POC313,clone-empty-2-189,1
PHX-POC313,clone-empty-3-45,1
PHX-POC313,clone_empty-160,1
PHX-POC313,clone-empty-1-35,1
PHX-POC313,clone-empty-3-49,1
PHX-POC313,clone_empty-208,1
PHX-POC313,clone-empty-3-136,1
PHX-POC313,clone-empty-2-32,1
PHX-POC313,clone-empty-3-170,1
PHX-POC313,clone-empty-2-90,1
PHX-POC313,clone_empty-19,1
PHX-POC313,clone_empty-192,1
PHX-POC313,clone_empty-141,1
PHX-POC313,clone-empty-1-144,1
PHX-POC313,clone-empty-2-14,1
PHX-POC313,clone-empty-3-84,1
PHX-POC313,clone-empty-1-150,1
PHX-POC313,clone-empty-3-53,1
PHX-POC313,clone-empty-3-134,1
PHX-POC313,clone-empty-2-100,1
PHX-POC313,clone-empty-3-135,1
PHX-POC313,clone_empty-149,1
PHX-POC313,clone-empty-3-78,1
PHX-POC313,clone-empty-3-3,1
PHX-POC313,clone-empty-1-41,1
PHX-POC313,clone-empty-1-62,1
PHX-POC313,clone-empty-1-233,1
PHX-POC313,clone-empty-3-69,1
PHX-POC313,clone-empty-3-102,1
PHX-POC313,clone-empty-1-229,1
PHX-POC313,clone-empty-2-101,1
PHX-POC313,clone-empty-3-128,1
PHX-POC313,clone-empty-1-204,1
PHX-POC313,clone-empty-1-169,1
PHX-POC313,clone-empty-3-92,1
PHX-POC313,clone-empty-2-155,1
PHX-POC313,clone-empty-3-110,1
PHX-POC313,clone-empty-2-207,1
PHX-POC313,clone_empty-46,1
PHX-POC313,clone-empty-3-28,1
PHX-POC313,clone-empty-2-167,1
PHX-POC313,clone_empty-12,1
PHX-POC313,clone-empty-1-200,1
PHX-POC313,clone_empty-230,1
PHX-POC313,clone-empty-1-130,1
PHX-POC313,clone-empty-3-15,1
PHX-POC313,clone-empty-2-218,1
PHX-POC313,clone-empty-2-10,1
PHX-POC313,clone-empty-1-174,1
PHX-POC313,clone_empty-193,1
PHX-POC313,clone-empty-2-125,1
PHX-POC313,clone_empty-206,1
PHX-POC313,clone-empty-1-193,1
PHX-POC313,clone-empty-2-22,1
PHX-POC313,clone_empty-107,1
PHX-POC313,clone-empty-1-142,1
PHX-POC313,test,4
PHX-POC313,clone-empty-3-126,1
PHX-POC313,clone-empty-2-103,1
PHX-POC313,clone-empty-2-66,1
PHX-POC313,clone-empty-1-2,1
PHX-POC313,clone_empty-170,1
PHX-POC313,clone-empty-1-157,1
PHX-POC313,clone-empty-2-146,1
PHX-POC313,clone-empty-2-2,1
PHX-POC313,clone-empty-2-120,1
PHX-POC313,clone-empty-2-127,1
PHX-POC313,clone_empty-4,1
PHX-POC313,clone_empty-29,1
PHX-POC313,clone_empty-188,1
PHX-POC313,clone_empty-234,1
PHX-POC313,clone-empty-2-81,1
PHX-POC313,clone-empty-1-111,1
PHX-POC313,clone-empty-3-199,1
PHX-POC313,clone_empty-13,1
PHX-POC313,clone-empty-3-113,1
PHX-POC313,clone_empty-223,1
PHX-POC313,clone-empty-3-111,1
PHX-POC313,clone-empty-1-175,1
PHX-POC313,clone_empty-131,1
PHX-POC313,clone-empty-1-176,1
PHX-POC313,clone-empty-3-1,1
PHX-POC313,clone-empty-2-70,1
PHX-POC313,clone-empty-3-129,1
PHX-POC313,clone-empty-1-214,1
PHX-POC313,clone_empty-154,1
PHX-POC313,clone-empty-3-107,1
PHX-POC313,clone-empty-3-196,1
PHX-POC313,clone-empty-3-143,1
PHX-POC313,clone-empty-1-127,1
PHX-POC313,clone-empty-3-37,1
PHX-POC313,clone-empty-2-211,1
PHX-POC313,clone-empty-1-212,1
PHX-POC313,AutoDC VM,4
PHX-POC313,clone-empty-1-59,1
PHX-POC313,clone_empty-45,1
PHX-POC313,clone-empty-2-64,1
PHX-POC313,clone_empty-161,1
PHX-POC313,clone-empty-2-68,1
PHX-POC313,clone-empty-2-153,1
PHX-POC313,clone-empty-2-65,1
PHX-POC313,clone-empty-1-173,1
PHX-POC313,TK-DNS-AD,2
PHX-POC313,clone-empty-1-244,1
PHX-POC313,clone-empty-1-139,1
PHX-POC313,clone-empty-2-171,1
PHX-POC313,clone-empty-2-113,1
PHX-POC313,clone_empty-79,1
PHX-POC313,clone-empty-1-99,1
PHX-POC313,clone_empty-39,1
PHX-POC313,clone-empty-2-150,1
PHX-POC313,clone_empty-31,1
PHX-POC313,clone-empty-2-217,1
PHX-POC313,clone-empty-3-94,1
PHX-POC313,clone-empty-2-1,1
PHX-POC313,clone-empty-1-45,1
PHX-POC313,clone-empty-3-48,1
PHX-POC313,clone-empty-1-237,1
PHX-POC313,clone-empty-3-59,1
PHX-POC313,clone-empty-2-131,1
PHX-POC313,clone-empty-1-75,1
PHX-POC313,clone-empty-1-63,1
PHX-POC313,clone-empty-3-154,1
PHX-POC313,clone_empty-91,1
PHX-POC313,clone-empty-3-56,1
PHX-POC313,clone-empty-1-160,1
PHX-POC313,clone_empty-249,1
PHX-POC313,clone_empty-187,1
PHX-POC313,clone-empty-1-247,1
PHX-POC313,CentOS VM,4
PHX-POC313,clone-empty-2-157,1
PHX-POC313,clone-empty-2-92,1
PHX-POC313,clone-empty-2-11,1
PHX-POC313,clone-empty-3-31,1
PHX-POC313,clone_empty-247,1
PHX-POC313,clone-empty-1-16,1
PHX-POC313,clone-empty-3-26,1
PHX-POC313,clone-empty-1-7,1
PHX-POC313,clone_empty-95,1
PHX-POC313,clone_empty-30,1
PHX-POC313,clone-empty-2-143,1
PHX-POC313,clone-empty-3-40,1
PHX-POC313,clone_empty-244,1
PHX-POC313,clone-empty-3-35,1
PHX-POC313,clone-empty-1-6,1
PHX-POC313,clone-empty-1-119,1
PHX-POC313,clone-empty-1-118,1
PHX-POC313,clone-empty-2-16,1
PHX-POC313,clone-empty-2-82,1
PHX-POC313,clone-empty-2-116,1
PHX-POC313,clone-empty-3-62,1
PHX-POC313,clone_empty-22,1
PHX-POC313,clone-empty-3-167,1
PHX-POC313,clone_empty-36,1
PHX-POC313,clone-empty-1-246,1
PHX-POC313,clone_empty-176,1
PHX-POC313,clone_empty-157,1
PHX-POC313,clone_empty-52,1
PHX-POC313,clone-empty-2-250,1
PHX-POC313,clone-empty-2-28,1
PHX-POC313,clone-empty-1-128,1
PHX-POC313,NTNX-FA-TK-File-Analytics-VM,8
PHX-POC313,clone-empty-1-61,1
PHX-POC313,clone-empty-2-71,1
PHX-POC313,clone_empty-186,1
PHX-POC313,clone_empty-3,1
PHX-POC313,clone-empty-3-151,1
PHX-POC313,clone-empty-1-208,1
PHX-POC313,clone-empty-2-45,1
PHX-POC313,clone-empty-2-243,1
PHX-POC313,clone-empty-1-201,1
PHX-POC313,clone-empty-1-117,1
PHX-POC313,clone-empty-1-153,1
PHX-POC313,clone-empty-2-166,1
PHX-POC313,Windows 2012 VM,4
PHX-POC313,clone_empty-73,1
PHX-POC313,clone-empty-1-156,1
PHX-POC313,clone-empty-3-147,1
PHX-POC313,clone-empty-3-81,1
PHX-POC313,clone-empty-2-102,1
PHX-POC313,clone_empty-98,1
PHX-POC313,clone-empty-2-223,1
PHX-POC313,clone-empty-2-193,1
PHX-POC313,clone-empty-1-183,1
PHX-POC313,clone-empty-1-122,1
PHX-POC313,clone-empty-1-216,1
PHX-POC313,clone-empty-1-235,1
PHX-POC313,clone_empty-220,1
PHX-POC313,clone-empty-3-98,1
PHX-POC313,clone-empty-1-230,1
PHX-POC313,clone-empty-1-109,1
PHX-POC313,clone-empty-2-197,1
PHX-POC313,clone-empty-3-20,1
PHX-POC313,clone-empty-3-66,1
PHX-POC313,clone_empty-133,1
PHX-POC313,clone-empty-1-80,1
PHX-POC313,clone-empty-3-80,1
PHX-POC313,clone-empty-1-133,1
PHX-POC313,clone-empty-3-183,1
PHX-POC313,clone-empty-1-199,1
PHX-POC313,clone-empty-3-36,1
PHX-POC313,clone-empty-2-17,1
PHX-POC313,clone-empty-1-21,1
PHX-POC313,clone-empty-1-121,1
PHX-POC313,clone-empty-1-34,1
PHX-POC313,clone-empty-2-42,1
PHX-POC313,clone_empty-195,1
PHX-POC313,ubuntu01,4
PHX-POC313,clone-empty-2-161,1
PHX-POC313,clone_empty-112,1
PHX-POC313,clone_empty-216,1
PHX-POC313,clone-empty-3-186,1
PHX-POC313,clone-empty-2-78,1
PHX-POC313,clone-empty-2-21,1
PHX-POC313,clone-empty-1-148,1
PHX-POC313,clone_empty-144,1
PHX-POC313,clone-empty-1-49,1
PHX-POC313,clone_empty-142,1
PHX-POC313,clone_empty-232,1
PHX-POC313,clone_empty-97,1
PHX-POC313,clone-empty-1-47,1
PHX-POC313,clone_empty-164,1
PHX-POC313,clone-empty-3-168,1
PHX-POC313,clone-empty-3-181,1
PHX-POC313,clone_empty-69,1
PHX-POC313,clone-empty-2-184,1
PHX-POC313,clone-empty-1-81,1
PHX-POC313,clone-empty-2-168,1
PHX-POC313,clone-empty-1-189,1
PHX-POC313,clone-empty-1-105,1
PHX-POC313,clone_empty-173,1
PHX-POC313,clone-empty-2-213,1
PHX-POC313,clone-empty-3-104,1
PHX-POC313,clone-empty-3-182,1
PHX-POC313,clone-empty-1-24,1
PHX-POC313,clone_empty-221,1
PHX-POC313,clone-empty-2-221,1
PHX-POC313,clone-empty-2-163,1
PHX-POC313,clone-empty-2-205,1
PHX-POC313,clone-empty-2-145,1
PHX-POC313,clone-empty-3-8,1
PHX-POC313,clone_empty-67,1
PHX-POC313,clone-empty-3-131,1
PHX-POC313,clone-empty-1-137,1
PHX-POC313,clone_empty-63,1
PHX-POC313,clone_empty-66,1
PHX-POC313,clone-empty-2-58,1
PHX-POC313,clone-empty-3-85,1
PHX-POC313,clone_empty-181,1
PHX-POC313,clone-empty-3-79,1
PHX-POC313,clone-empty-1-141,1
PHX-POC313,clone-empty-1-205,1
PHX-POC313,clone-empty-1-228,1
PHX-POC313,clone-empty-2-63,1
PHX-POC313,clone_empty-75,1
PHX-POC313,clone-empty-1-226,1
PHX-POC313,clone_empty-245,1
PHX-POC313,clone-empty-1-131,1
PHX-POC313,clone-empty-3-39,1
PHX-POC313,clone-empty-2-201,1
PHX-POC313,clone-empty-1-93,1
PHX-POC313,clone-empty-1-107,1
PHX-POC313,clone-empty-1-242,1
PHX-POC313,clone-empty-3-109,1
PHX-POC313,clone-empty-1-40,1
PHX-POC313,clone-empty-1-25,1
PHX-POC313,clone-empty-3-33,1
PHX-POC313,clone_empty-132,1
PHX-POC313,clone_empty-243,1
PHX-POC313,clone-empty-3-185,1
PHX-POC313,clone-empty-3-91,1
PHX-POC313,clone-empty-2-245,1
PHX-POC313,clone-empty-1-162,1
PHX-POC313,clone_empty-35,1
PHX-POC313,CentOS VM1,4
PHX-POC313,clone-empty-3-172,1
PHX-POC313,clone_empty-203,1
PHX-POC313,clone-empty-3-86,1
PHX-POC313,clone_empty-23,1
PHX-POC313,clone_empty-57,1
PHX-POC313,clone-empty-1-155,1
PHX-POC313,clone-empty-2-204,1
PHX-POC313,clone-empty-2-177,1
PHX-POC313,clone-empty-3-173,1
PHX-POC313,clone-empty-1-147,1
PHX-POC313,clone-empty-1-57,1
PHX-POC313,clone-empty-3-13,1
PHX-POC313,clone-empty-2-12,1
PHX-POC313,clone-empty-2-47,1
PHX-POC313,clone-empty-2-26,1
PHX-POC313,clone-empty-2-13,1
PHX-POC313,clone_empty-139,1
PHX-POC313,clone-empty-3-123,1
PHX-POC313,clone-empty-1-76,1
PHX-POC313,clone_empty-50,1
PHX-POC313,clone-empty-3-90,1
PHX-POC313,clone-empty-1-238,1
PHX-POC313,clone_empty-168,1
PHX-POC313,clone_empty-10,1
PHX-POC313,clone-empty-1-239,1
PHX-POC313,clone-empty-1-116,1
PHX-POC313,clone_empty-44,1
PHX-POC313,clone-empty-1-106,1
PHX-POC313,clone-empty-2-214,1
PHX-POC313,clone-empty-3-65,1
PHX-POC313,clone-empty-1-70,1
PHX-POC313,testing AD,1
PHX-POC313,clone-empty-1-88,1
PHX-POC313,clone-empty-3-176,1
PHX-POC313,clone-empty-2-34,1
PHX-POC313,clone_empty-15,1
PHX-POC313,clone-empty-2-121,1
PHX-POC313,clone-empty-3-132,1
PHX-POC313,NTNX-FS01-1,4
PHX-POC313,clone-empty-1-188,1
PHX-POC313,clone-empty-2-139,1
PHX-POC313,clone_empty-135,1
PHX-POC313,clone-empty-2-111,1
PHX-POC313,clone-empty-2-124,1
PHX-POC313,clone_empty-122,1
PHX-POC313,clone-empty-1-22,1
PHX-POC313,clone-empty-1-166,1
PHX-POC313,clone-empty-1-209,1
PHX-POC313,clone_empty-41,1
PHX-POC313,clone-empty-3-23,1
PHX-POC313,clone_empty-89,1
PHX-POC313,clone-empty-2-235,1
PHX-POC313,clone-empty-1-86,1
PHX-POC313,clone-empty-3-145,1
PHX-POC313,NTNX-PHX-POC313-2-CVM,8
PHX-POC313,clone-empty-3-7,1
PHX-POC313,clone_empty-196,1
PHX-POC313,clone_empty-152,1
PHX-POC313,clone_empty-242,1
PHX-POC313,clone-empty-2-52,1
PHX-POC313,clone-empty-1-186,1
PHX-POC313,clone_empty-121,1
PHX-POC313,clone-empty-2-199,1
PHX-POC313,clone-empty-2-158,1
PHX-POC313,clone-empty-1-249,1
PHX-POC313,clone_empty-171,1
PHX-POC313,clone_empty-40,1
PHX-POC313,clone-empty-2-112,1
PHX-POC313,clone-empty-3-97,1
PHX-POC313,clone-empty-2-23,1
PHX-POC313,clone-empty-1-108,1
PHX-POC313,clone-empty-3-148,1
PHX-POC313,clone_empty-153,1
PHX-POC313,clone-empty-3-144,1
PHX-POC313,clone-empty-2-108,1
PHX-POC313,clone_empty-194,1
PHX-POC313,clone-empty-2-239,1
PHX-POC313,clone-empty-1-215,1
PHX-POC313,clone_empty-18,1
PHX-POC313,clone_empty-151,1
PHX-POC313,clone-empty-1-78,1
PHX-POC313,clone-empty-3-99,1
PHX-POC313,clone-empty-3-125,1
PHX-POC313,clone_empty-17,1
PHX-POC313,clone-empty-1-248,1
PHX-POC313,clone-empty-3-106,1
PHX-POC313,clone-empty-2-247,1
PHX-POC313,clone_empty-101,1
PHX-POC313,clone-empty-2-231,1
PHX-POC313,clone-empty-2-24,1
PHX-POC313,clone-empty-2-104,1
PHX-POC313,clone_empty-102,1
PHX-POC313,clone_empty-189,1
PHX-POC313,clone-empty-1-178,1
PHX-POC313,TESTad,4
PHX-POC313,clone_empty-250,1
PHX-POC313,clone_empty-20,1
PHX-POC313,clone-empty-2-160,1
PHX-POC313,clone_empty-126,1
PHX-POC313,clone-empty-3-29,1
PHX-POC313,clone-empty-3-19,1
PHX-POC313,clone_empty-237,1
PHX-POC313,clone_empty-119,1
PHX-POC313,clone-empty-3-130,1
PHX-POC313,clone_empty-123,1
PHX-POC313,clone-empty-3-152,1
PHX-POC313,clone-empty-3-161,1
PHX-POC313,clone-empty-3-30,1
PHX-POC313,clone-empty-1-26,1
PHX-POC313,clone_empty-225,1
PHX-POC313,clone_empty-240,1
PHX-POC313,clone-empty-3-21,1
PHX-POC313,clone-empty-2-142,1
PHX-POC313,clone-empty-3-112,1
PHX-POC313,clone-empty-2-182,1
PHX-POC313,clone-empty-1-71,1
PHX-POC313,clone-empty-2-19,1
PHX-POC315,win10vm-0,4
PHX-POC315,Rush-dsl-from -template,4
PHX-POC315,NTNX-FileServerTest-2,4
PHX-POC315,vm-0-240320-233018,2
PHX-POC315,NTNX-FileServer-1,4
PHX-POC315,RHEL-testing,4
PHX-POC315,ADcore-ursa3,4
PHX-POC315,WinAD-OG,8
PHX-POC315,win10vm-0,4
PHX-POC315,PC-VM-3,14
PHX-POC315,ADcore-ursa,4
PHX-POC315,suri-ad,4
PHX-POC315,Rocky_01,4
PHX-POC315,WIN10,8
PHX-POC315,ADcore-240318-080929,4
PHX-POC315,ADcore-tea,4
PHX-POC315,NTNX-FileServerNew-1,4
PHX-POC315,VM-@@(calm_time)@@,2
PHX-POC315,VM-240122-024024,12
PHX-POC315,Win10-test6,4
PHX-POC315,test-vm,4
PHX-POC315,ADcore-helios,4
PHX-POC315,NTNX-PHX-POC315-1-CVM,10
PHX-POC315,Windows_VM_New,4
PHX-POC315,ADcore-alpha,4
PHX-POC315,VM-240122-022044,2
PHX-POC315,Win16ServerAD,4
PHX-POC315,AD_Core,2
PHX-POC315,Windows 2012 VM,4
PHX-POC315,AD_Core-test,2
PHX-POC315,TeSt,4
PHX-POC315,NTNX-FA-FileAnaly.,8
PHX-POC315,PC-VM-2,14
PHX-POC315,AutoDC VM,4
PHX-POC315,Win10-tree.local,4
PHX-POC315,vm-0-240320-235918,2
PHX-POC315,NTNX-PHX-POC315-2-CVM,10
PHX-POC315,Engine_101,4
PHX-POC315,ADcore-240318-070834,4
PHX-POC315,Win10_gold(bios),4
PHX-POC315,NTNX-FileServer-3,4
PHX-POC315,Ubuntu-01,4
PHX-POC315,Engine_10,4
PHX-POC315,NTNX-New-FS-1,4
PHX-POC315,Rush-DSL,4
PHX-POC315,SNMP_Manager(Ubuntu),2
PHX-POC315,karbon-oj-2b5fb4-etcd-0,4
PHX-POC315,test-win2k16,4
PHX-POC315,x-rau,8
PHX-POC315,rush-icap-test-dnd,4
PHX-POC315,NTNX-FileServerNew-2,4
PHX-POC315,Rushabh-AD-server-DND,12
PHX-POC315,ADcore-tree,4
PHX-POC315,CP-VM,8
PHX-POC315,snap-test,4
PHX-POC315,Script-Testing,4
PHX-POC315,Ubuntu_gold,4
PHX-POC315,Windows_VM_2016,2
PHX-POC315,ProConnect-DEV-WIN-DND,8
PHX-POC315,test,4
PHX-POC315,NTNX-FileServerTest-1,4
PHX-POC315,Win2016(gold1),4
PHX-POC315,karbon-oj-e9cb8f-worker-1,8
PHX-POC315,NTNX-FileServer-2,4
PHX-POC315,win10vm-0,4
PHX-POC315,ADcore-indus,4
PHX-POC315,NTNX-New-FS-3,4
PHX-POC315,Win10-test5,4
PHX-POC315,CentOS_Master,4
PHX-POC315,Move-5.2.0,8
PHX-POC315,ADcore-sirius,4
PHX-POC315,Win10-,4
PHX-POC315,Script-Testing1,4
PHX-POC315,NTNX-FileServerTest-3,4
PHX-POC315,ADcore-240318-051938,4
PHX-POC315,Centos_gold,4
PHX-POC315,ADcore-240318-083704,4
PHX-POC315,Engine_01,6
PHX-POC315,ADcore-zepto,4
PHX-POC315,NTNX-FileServerNew-3,4
PHX-POC315,karbon-oj-e9cb8f-worker-0,8
PHX-POC315,Control-UP,4
PHX-POC315,ScalingDemoVM-2-240122-233943,1
PHX-POC315,VM_from_template,4
PHX-POC315,VM-240122-032133,2
PHX-POC315,Rocky_Linux,4
PHX-POC315,PC-VM-1,14
PHX-POC315,DNS_FS1,4
PHX-POC315,Win10-tea.local,4
PHX-POC315,karbon-oj-e9cb8f-master-0,2
PHX-POC315,centos,4
PHX-POC315,ScalingDemoVM-1-240122-233943,1
PHX-POC315,vm_name,2
PHX-POC315,NTNX-PHX-POC315-3-CVM,10
PHX-POC315,ScalingDemoVM-0-240122-232107,1
PHX-POC315,Mini-PR-Rush-DND,12
PHX-POC315,ProConnect-PROD-DND,8
PHX-POC315,ADcore-240318-082146,4
PHX-POC315,DNS_FS,4
PHX-POC315,NTNX-New-FS-2,4
PHX-POC315,win10vm-0,4
